id,name_ko,name_en,generation,height_m,weight_kg,type_primary,type_secondary,hp,attack,defense,special_attack,special_defense,speed,total_stats,capture_rate,base_happiness,is_legendary,is_mythical,growth_rate,abilities,sprite_url
1,이상해씨,bulbasaur,1,0.7,6.9,grass,poison,45,49,49,65,65,45,318,45,70,False,False,medium-slow,"overgrow, chlorophyll",https://raw.githubusercontent.com/PokeAPI/sprites/master/sprites/pokemon/other/official-artwork/1.png
2,이상해풀,ivysaur,1,1.0,13.0,grass,poison,60,62,63,80,80,60,405,45,70,False,False,medium-slow,"overgrow, chlorophyll",https://raw.githubusercontent.com/PokeAPI/sprites/master/sprites/pokemon/other/official-artwork/2.png
3,이상해꽃,venusaur,1,2.0,100.0,grass,poison,80,82,83,100,100,80,525,45,70,False,False,medium-slow,"overgrow, chlorophyll",https://raw.githubusercontent.com/PokeAPI/sprites/master/sprites/pokemon/other/official-artwork/3.png
4,파이리,charmander,1,0.6,8.5,fire,,39,52,43,60,50,65,309,45,70,False,False,medium-slow,"blaze, solar-power",https://raw.githubusercontent.com/PokeAPI/sprites/master/sprites/pokemon/other/official-artwork/4.png
5,리자드,charmeleon,1,1.1,19.0,fire,,58,64,58,80,65,80,405,45,70,False,False,medium-slow,"blaze, solar-power",https://raw.githubusercontent.com/PokeAPI/sprites/master/sprites/pokemon/other/official-artwork/5.png
6,리자몽,charizard,1,1.7,90.5,fire,flying,78,84,78,109,85,100,534,45,70,False,False,medium-slow,"blaze, solar-power",https://raw.githubusercontent.com/PokeAPI/sprites/master/sprites/pokemon/other/official-artwork/6.png
7,꼬부기,squirtle,1,0.5,9.0,water,,44,48,65,50,64,43,314,45,70,False,False,medium-slow,"torrent, rain-dish",https://raw.githubusercontent.com/PokeAPI/sprites/master/sprites/pokemon/other/official-artwork/7.png
8,어니부기,wartortle,1,1.0,22.5,water,,59,63,80,65,80,58,405,45,70,False,False,medium-slow,"torrent, rain-dish",https://raw.githubusercontent.com/PokeAPI/sprites/master/sprites/pokemon/other/official-artwork/8.png
9,거북왕,blastoise,1,1.6,85.5,water,,79,83,100,85,105,78,530,45,70,False,False,medium-slow,"torrent, rain-dish",https://raw.githubusercontent.com/PokeAPI/sprites/master/sprites/pokemon/other/official-artwork/9.png
10,캐터피,caterpie,1,0.3,2.9,bug,,45,30,35,20,20,45,195,255,70,False,False,medium,"shield-dust, run-away",https://raw.githubusercontent.com/PokeAPI/sprites/master/sprites/pokemon/other/official-artwork/10.png
11,단데기,metapod,1,0.7,9.9,bug,,50,20,55,25,25,30,205,120,70,False,False,medium,shed-skin,https://raw.githubusercontent.com/PokeAPI/sprites/master/sprites/pokemon/other/official-artwork/11.png
12,버터플,butterfree,1,1.1,32.0,bug,flying,60,45,50,90,80,70,395,45,70,False,False,medium,"compound-eyes, tinted-lens",https://raw.githubusercontent.com/PokeAPI/sprites/master/sprites/pokemon/other/official-artwork/12.png
13,뿔충이,weedle,1,0.3,3.2,bug,poison,40,35,30,20,20,50,195,255,70,False,False,medium,"shield-dust, run-away",https://raw.githubusercontent.com/PokeAPI/sprites/master/sprites/pokemon/other/official-artwork/13.png
14,딱충이,kakuna,1,0.6,10.0,bug,poison,45,25,50,25,25,35,205,120,70,False,False,medium,shed-skin,https://raw.githubusercontent.com/PokeAPI/sprites/master/sprites/pokemon/other/official-artwork/14.png
15,독침붕,beedrill,1,1.0,29.5,bug,poison,65,90,40,45,80,75,395,45,70,False,False,medium,"swarm, sniper",https://raw.githubusercontent.com/PokeAPI/sprites/master/sprites/pokemon/other/official-artwork/15.png
16,구구,pidgey,1,0.3,1.8,normal,flying,40,45,40,35,35,56,251,255,70,False,False,medium-slow,"keen-eye, tangled-feet, big-pecks",https://raw.githubusercontent.com/PokeAPI/sprites/master/sprites/pokemon/other/official-artwork/16.png
17,피죤,pidgeotto,1,1.1,30.0,normal,flying,63,60,55,50,50,71,349,120,70,False,False,medium-slow,"keen-eye, tangled-feet, big-pecks",https://raw.githubusercontent.com/PokeAPI/sprites/master/sprites/pokemon/other/official-artwork/17.png
18,피죤투,pidgeot,1,1.5,39.5,normal,flying,83,80,75,70,70,101,479,45,70,False,False,medium-slow,"keen-eye, tangled-feet, big-pecks",https://raw.githubusercontent.com/PokeAPI/sprites/master/sprites/pokemon/other/official-artwork/18.png
19,꼬렛,rattata,1,0.3,3.5,normal,,30,56,35,25,35,72,253,255,70,False,False,medium,"run-away, guts, hustle",https://raw.githubusercontent.com/PokeAPI/sprites/master/sprites/pokemon/other/official-artwork/19.png
20,레트라,raticate,1,0.7,18.5,normal,,55,81,60,50,70,97,413,127,70,False,False,medium,"run-away, guts, hustle",https://raw.githubusercontent.com/PokeAPI/sprites/master/sprites/pokemon/other/official-artwork/20.png
21,깨비참,spearow,1,0.3,2.0,normal,flying,40,60,30,31,31,70,262,255,70,False,False,medium,"keen-eye, sniper",https://raw.githubusercontent.com/PokeAPI/sprites/master/sprites/pokemon/other/official-artwork/21.png
22,깨비드릴조,fearow,1,1.2,38.0,normal,flying,65,90,65,61,61,100,442,90,70,False,False,medium,"keen-eye, sniper",https://raw.githubusercontent.com/PokeAPI/sprites/master/sprites/pokemon/other/official-artwork/22.png
23,아보,ekans,1,2.0,6.9,poison,,35,60,44,40,54,55,288,255,70,False,False,medium,"intimidate, shed-skin, unnerve",https://raw.githubusercontent.com/PokeAPI/sprites/master/sprites/pokemon/other/official-artwork/23.png
24,아보크,arbok,1,3.5,65.0,poison,,60,95,69,65,79,80,448,90,70,False,False,medium,"intimidate, shed-skin, unnerve",https://raw.githubusercontent.com/PokeAPI/sprites/master/sprites/pokemon/other/official-artwork/24.png
25,피카츄,pikachu,1,0.4,6.0,electric,,35,55,40,50,50,90,320,190,70,False,False,medium,"static, lightning-rod",https://raw.githubusercontent.com/PokeAPI/sprites/master/sprites/pokemon/other/official-artwork/25.png
26,라이츄,raichu,1,0.8,30.0,electric,,60,90,55,90,80,110,485,75,70,False,False,medium,"static, lightning-rod",https://raw.githubusercontent.com/PokeAPI/sprites/master/sprites/pokemon/other/official-artwork/26.png
27,모래두지,sandshrew,1,0.6,12.0,ground,,50,75,85,20,30,40,300,255,70,False,False,medium,"sand-veil, sand-rush",https://raw.githubusercontent.com/PokeAPI/sprites/master/sprites/pokemon/other/official-artwork/27.png
28,고지,sandslash,1,1.0,29.5,ground,,75,100,110,45,55,65,450,90,70,False,False,medium,"sand-veil, sand-rush",https://raw.githubusercontent.com/PokeAPI/sprites/master/sprites/pokemon/other/official-artwork/28.png
29,니드런♀,nidoran-f,1,0.4,7.0,poison,,55,47,52,40,40,41,275,235,70,False,False,medium-slow,"poison-point, rivalry, hustle",https://raw.githubusercontent.com/PokeAPI/sprites/master/sprites/pokemon/other/official-artwork/29.png
30,니드리나,nidorina,1,0.8,20.0,poison,,70,62,67,55,55,56,365,120,70,False,False,medium-slow,"poison-point, rivalry, hustle",https://raw.githubusercontent.com/PokeAPI/sprites/master/sprites/pokemon/other/official-artwork/30.png
31,니드퀸,nidoqueen,1,1.3,60.0,poison,ground,90,92,87,75,85,76,505,45,70,False,False,medium-slow,"poison-point, rivalry, sheer-force",https://raw.githubusercontent.com/PokeAPI/sprites/master/sprites/pokemon/other/official-artwork/31.png
32,니드런♂,nidoran-m,1,0.5,9.0,poison,,46,57,40,40,40,50,273,235,70,False,False,medium-slow,"poison-point, rivalry, hustle",https://raw.githubusercontent.com/PokeAPI/sprites/master/sprites/pokemon/other/official-artwork/32.png
33,니드리노,nidorino,1,0.9,19.5,poison,,61,72,57,55,55,65,365,120,70,False,False,medium-slow,"poison-point, rivalry, hustle",https://raw.githubusercontent.com/PokeAPI/sprites/master/sprites/pokemon/other/official-artwork/33.png
34,니드킹,nidoking,1,1.4,62.0,poison,ground,81,102,77,85,75,85,505,45,70,False,False,medium-slow,"poison-point, rivalry, sheer-force",https://raw.githubusercontent.com/PokeAPI/sprites/master/sprites/pokemon/other/official-artwork/34.png
35,삐삐,clefairy,1,0.6,7.5,fairy,,70,45,48,60,65,35,323,150,140,False,False,fast,"cute-charm, magic-guard, friend-guard",https://raw.githubusercontent.com/PokeAPI/sprites/master/sprites/pokemon/other/official-artwork/35.png
36,픽시,clefable,1,1.3,40.0,fairy,,95,70,73,95,90,60,483,25,140,False,False,fast,"cute-charm, magic-guard, unaware",https://raw.githubusercontent.com/PokeAPI/sprites/master/sprites/pokemon/other/official-artwork/36.png
37,식스테일,vulpix,1,0.6,9.9,fire,,38,41,40,50,65,65,299,190,70,False,False,medium,"flash-fire, drought",https://raw.githubusercontent.com/PokeAPI/sprites/master/sprites/pokemon/other/official-artwork/37.png
38,나인테일,ninetales,1,1.1,19.9,fire,,73,76,75,81,100,100,505,75,70,False,False,medium,"flash-fire, drought",https://raw.githubusercontent.com/PokeAPI/sprites/master/sprites/pokemon/other/official-artwork/38.png
39,푸린,jigglypuff,1,0.5,5.5,normal,fairy,115,45,20,45,25,20,270,170,70,False,False,fast,"cute-charm, competitive, friend-guard",https://raw.githubusercontent.com/PokeAPI/sprites/master/sprites/pokemon/other/official-artwork/39.png
40,푸크린,wigglytuff,1,1.0,12.0,normal,fairy,140,70,45,85,50,45,435,50,70,False,False,fast,"cute-charm, competitive, frisk",https://raw.githubusercontent.com/PokeAPI/sprites/master/sprites/pokemon/other/official-artwork/40.png
41,주뱃,zubat,1,0.8,7.5,poison,flying,40,45,35,30,40,55,245,255,70,False,False,medium,"inner-focus, infiltrator",https://raw.githubusercontent.com/PokeAPI/sprites/master/sprites/pokemon/other/official-artwork/41.png
42,골뱃,golbat,1,1.6,55.0,poison,flying,75,80,70,65,75,90,455,90,70,False,False,medium,"inner-focus, infiltrator",https://raw.githubusercontent.com/PokeAPI/sprites/master/sprites/pokemon/other/official-artwork/42.png
43,뚜벅쵸,oddish,1,0.5,5.4,grass,poison,45,50,55,75,65,30,320,255,70,False,False,medium-slow,"chlorophyll, run-away",https://raw.githubusercontent.com/PokeAPI/sprites/master/sprites/pokemon/other/official-artwork/43.png
44,냄새꼬,gloom,1,0.8,8.6,grass,poison,60,65,70,85,75,40,395,120,70,False,False,medium-slow,"chlorophyll, stench",https://raw.githubusercontent.com/PokeAPI/sprites/master/sprites/pokemon/other/official-artwork/44.png
45,라플레시아,vileplume,1,1.2,18.6,grass,poison,75,80,85,110,90,50,490,45,70,False,False,medium-slow,"chlorophyll, effect-spore",https://raw.githubusercontent.com/PokeAPI/sprites/master/sprites/pokemon/other/official-artwork/45.png
46,파라스,paras,1,0.3,5.4,bug,grass,35,70,55,45,55,25,285,190,70,False,False,medium,"effect-spore, dry-skin, damp",https://raw.githubusercontent.com/PokeAPI/sprites/master/sprites/pokemon/other/official-artwork/46.png
47,파라섹트,parasect,1,1.0,29.5,bug,grass,60,95,80,60,80,30,405,75,70,False,False,medium,"effect-spore, dry-skin, damp",https://raw.githubusercontent.com/PokeAPI/sprites/master/sprites/pokemon/other/official-artwork/47.png
48,콘팡,venonat,1,1.0,30.0,bug,poison,60,55,50,40,55,45,305,190,70,False,False,medium,"compound-eyes, tinted-lens, run-away",https://raw.githubusercontent.com/PokeAPI/sprites/master/sprites/pokemon/other/official-artwork/48.png
49,도나리,venomoth,1,1.5,12.5,bug,poison,70,65,60,90,75,90,450,75,70,False,False,medium,"shield-dust, tinted-lens, wonder-skin",https://raw.githubusercontent.com/PokeAPI/sprites/master/sprites/pokemon/other/official-artwork/49.png
50,디그다,diglett,1,0.2,0.8,ground,,10,55,25,35,45,95,265,255,70,False,False,medium,"sand-veil, arena-trap, sand-force",https://raw.githubusercontent.com/PokeAPI/sprites/master/sprites/pokemon/other/official-artwork/50.png
51,닥트리오,dugtrio,1,0.7,33.3,ground,,35,100,50,50,70,120,425,50,70,False,False,medium,"sand-veil, arena-trap, sand-force",https://raw.githubusercontent.com/PokeAPI/sprites/master/sprites/pokemon/other/official-artwork/51.png
52,나옹,meowth,1,0.4,4.2,normal,,40,45,35,40,40,90,290,255,70,False,False,medium,"pickup, technician, unnerve",https://raw.githubusercontent.com/PokeAPI/sprites/master/sprites/pokemon/other/official-artwork/52.png
53,페르시온,persian,1,1.0,32.0,normal,,65,70,60,65,65,115,440,90,70,False,False,medium,"limber, technician, unnerve",https://raw.githubusercontent.com/PokeAPI/sprites/master/sprites/pokemon/other/official-artwork/53.png
54,고라파덕,psyduck,1,0.8,19.6,water,,50,52,48,65,50,55,320,190,70,False,False,medium,"damp, cloud-nine, swift-swim",https://raw.githubusercontent.com/PokeAPI/sprites/master/sprites/pokemon/other/official-artwork/54.png
55,골덕,golduck,1,1.7,76.6,water,,80,82,78,95,80,85,500,75,70,False,False,medium,"damp, cloud-nine, swift-swim",https://raw.githubusercontent.com/PokeAPI/sprites/master/sprites/pokemon/other/official-artwork/55.png
56,망키,mankey,1,0.5,28.0,fighting,,40,80,35,35,45,70,305,190,70,False,False,medium,"vital-spirit, anger-point, defiant",https://raw.githubusercontent.com/PokeAPI/sprites/master/sprites/pokemon/other/official-artwork/56.png
57,성원숭,primeape,1,1.0,32.0,fighting,,65,105,60,60,70,95,455,75,70,False,False,medium,"vital-spirit, anger-point, defiant",https://raw.githubusercontent.com/PokeAPI/sprites/master/sprites/pokemon/other/official-artwork/57.png
58,가디,growlithe,1,0.7,19.0,fire,,55,70,45,70,50,60,350,190,70,False,False,slow,"intimidate, flash-fire, justified",https://raw.githubusercontent.com/PokeAPI/sprites/master/sprites/pokemon/other/official-artwork/58.png
59,윈디,arcanine,1,1.9,155.0,fire,,90,110,80,100,80,95,555,75,70,False,False,slow,"intimidate, flash-fire, justified",https://raw.githubusercontent.com/PokeAPI/sprites/master/sprites/pokemon/other/official-artwork/59.png
60,발챙이,poliwag,1,0.6,12.4,water,,40,50,40,40,40,90,300,255,70,False,False,medium-slow,"water-absorb, damp, swift-swim",https://raw.githubusercontent.com/PokeAPI/sprites/master/sprites/pokemon/other/official-artwork/60.png
61,슈륙챙이,poliwhirl,1,1.0,20.0,water,,65,65,65,50,50,90,385,120,70,False,False,medium-slow,"water-absorb, damp, swift-swim",https://raw.githubusercontent.com/PokeAPI/sprites/master/sprites/pokemon/other/official-artwork/61.png
62,강챙이,poliwrath,1,1.3,54.0,water,fighting,90,95,95,70,90,70,510,45,70,False,False,medium-slow,"water-absorb, damp, swift-swim",https://raw.githubusercontent.com/PokeAPI/sprites/master/sprites/pokemon/other/official-artwork/62.png
63,캐이시,abra,1,0.9,19.5,psychic,,25,20,15,105,55,90,310,200,70,False,False,medium-slow,"synchronize, inner-focus, magic-guard",https://raw.githubusercontent.com/PokeAPI/sprites/master/sprites/pokemon/other/official-artwork/63.png
64,윤겔라,kadabra,1,1.3,56.5,psychic,,40,35,30,120,70,105,400,100,70,False,False,medium-slow,"synchronize, inner-focus, magic-guard",https://raw.githubusercontent.com/PokeAPI/sprites/master/sprites/pokemon/other/official-artwork/64.png
65,후딘,alakazam,1,1.5,48.0,psychic,,55,50,45,135,95,120,500,50,70,False,False,medium-slow,"synchronize, inner-focus, magic-guard",https://raw.githubusercontent.com/PokeAPI/sprites/master/sprites/pokemon/other/official-artwork/65.png
66,알통몬,machop,1,0.8,19.5,fighting,,70,80,50,35,35,35,305,180,70,False,False,medium-slow,"guts, no-guard, steadfast",https://raw.githubusercontent.com/PokeAPI/sprites/master/sprites/pokemon/other/official-artwork/66.png
67,근육몬,machoke,1,1.5,70.5,fighting,,80,100,70,50,60,45,405,90,70,False,False,medium-slow,"guts, no-guard, steadfast",https://raw.githubusercontent.com/PokeAPI/sprites/master/sprites/pokemon/other/official-artwork/67.png
68,괴력몬,machamp,1,1.6,130.0,fighting,,90,130,80,65,85,55,505,45,70,False,False,medium-slow,"guts, no-guard, steadfast",https://raw.githubusercontent.com/PokeAPI/sprites/master/sprites/pokemon/other/official-artwork/68.png
69,모다피,bellsprout,1,0.7,4.0,grass,poison,50,75,35,70,30,40,300,255,70,False,False,medium-slow,"chlorophyll, gluttony",https://raw.githubusercontent.com/PokeAPI/sprites/master/sprites/pokemon/other/official-artwork/69.png
70,우츠동,weepinbell,1,1.0,6.4,grass,poison,65,90,50,85,45,55,390,120,70,False,False,medium-slow,"chlorophyll, gluttony",https://raw.githubusercontent.com/PokeAPI/sprites/master/sprites/pokemon/other/official-artwork/70.png
71,우츠보트,victreebel,1,1.7,15.5,grass,poison,80,105,65,100,70,70,490,45,70,False,False,medium-slow,"chlorophyll, gluttony",https://raw.githubusercontent.com/PokeAPI/sprites/master/sprites/pokemon/other/official-artwork/71.png
72,왕눈해,tentacool,1,0.9,45.5,water,poison,40,40,35,50,100,70,335,190,70,False,False,slow,"clear-body, liquid-ooze, rain-dish",https://raw.githubusercontent.com/PokeAPI/sprites/master/sprites/pokemon/other/official-artwork/72.png
73,독파리,tentacruel,1,1.6,55.0,water,poison,80,70,65,80,120,100,515,60,70,False,False,slow,"clear-body, liquid-ooze, rain-dish",https://raw.githubusercontent.com/PokeAPI/sprites/master/sprites/pokemon/other/official-artwork/73.png
74,꼬마돌,geodude,1,0.4,20.0,rock,ground,40,80,100,30,30,20,300,255,70,False,False,medium-slow,"rock-head, sturdy, sand-veil",https://raw.githubusercontent.com/PokeAPI/sprites/master/sprites/pokemon/other/official-artwork/74.png
75,데구리,graveler,1,1.0,105.0,rock,ground,55,95,115,45,45,35,390,120,70,False,False,medium-slow,"rock-head, sturdy, sand-veil",https://raw.githubusercontent.com/PokeAPI/sprites/master/sprites/pokemon/other/official-artwork/75.png
76,딱구리,golem,1,1.4,300.0,rock,ground,80,120,130,55,65,45,495,45,70,False,False,medium-slow,"rock-head, sturdy, sand-veil",https://raw.githubusercontent.com/PokeAPI/sprites/master/sprites/pokemon/other/official-artwork/76.png
77,포니타,ponyta,1,1.0,30.0,fire,,50,85,55,65,65,90,410,190,70,False,False,medium,"run-away, flash-fire, flame-body",https://raw.githubusercontent.com/PokeAPI/sprites/master/sprites/pokemon/other/official-artwork/77.png
78,날쌩마,rapidash,1,1.7,95.0,fire,,65,100,70,80,80,105,500,60,70,False,False,medium,"run-away, flash-fire, flame-body",https://raw.githubusercontent.com/PokeAPI/sprites/master/sprites/pokemon/other/official-artwork/78.png
79,야돈,slowpoke,1,1.2,36.0,water,psychic,90,65,65,40,40,15,315,190,70,False,False,medium,"oblivious, own-tempo, regenerator",https://raw.githubusercontent.com/PokeAPI/sprites/master/sprites/pokemon/other/official-artwork/79.png
80,야도란,slowbro,1,1.6,78.5,water,psychic,95,75,110,100,80,30,490,75,70,False,False,medium,"oblivious, own-tempo, regenerator",https://raw.githubusercontent.com/PokeAPI/sprites/master/sprites/pokemon/other/official-artwork/80.png
81,코일,magnemite,1,0.3,6.0,electric,steel,25,35,70,95,55,45,325,190,70,False,False,medium,"magnet-pull, sturdy, analytic",https://raw.githubusercontent.com/PokeAPI/sprites/master/sprites/pokemon/other/official-artwork/81.png
82,레어코일,magneton,1,1.0,60.0,electric,steel,50,60,95,120,70,70,465,60,70,False,False,medium,"magnet-pull, sturdy, analytic",https://raw.githubusercontent.com/PokeAPI/sprites/master/sprites/pokemon/other/official-artwork/82.png
83,파오리,farfetchd,1,0.8,15.0,normal,flying,52,90,55,58,62,60,377,45,70,False,False,medium,"keen-eye, inner-focus, defiant",https://raw.githubusercontent.com/PokeAPI/sprites/master/sprites/pokemon/other/official-artwork/83.png
84,두두,doduo,1,1.4,39.2,normal,flying,35,85,45,35,35,75,310,190,70,False,False,medium,"run-away, early-bird, tangled-feet",https://raw.githubusercontent.com/PokeAPI/sprites/master/sprites/pokemon/other/official-artwork/84.png
85,두트리오,dodrio,1,1.8,85.2,normal,flying,60,110,70,60,60,110,470,45,70,False,False,medium,"run-away, early-bird, tangled-feet",https://raw.githubusercontent.com/PokeAPI/sprites/master/sprites/pokemon/other/official-artwork/85.png
86,쥬쥬,seel,1,1.1,90.0,water,,65,45,55,45,70,45,325,190,70,False,False,medium,"thick-fat, hydration, ice-body",https://raw.githubusercontent.com/PokeAPI/sprites/master/sprites/pokemon/other/official-artwork/86.png
87,쥬레곤,dewgong,1,1.7,120.0,water,ice,90,70,80,70,95,70,475,75,70,False,False,medium,"thick-fat, hydration, ice-body",https://raw.githubusercontent.com/PokeAPI/sprites/master/sprites/pokemon/other/official-artwork/87.png
88,질퍽이,grimer,1,0.9,30.0,poison,,80,80,50,40,50,25,325,190,70,False,False,medium,"stench, sticky-hold, poison-touch",https://raw.githubusercontent.com/PokeAPI/sprites/master/sprites/pokemon/other/official-artwork/88.png
89,질뻐기,muk,1,1.2,30.0,poison,,105,105,75,65,100,50,500,75,70,False,False,medium,"stench, sticky-hold, poison-touch",https://raw.githubusercontent.com/PokeAPI/sprites/master/sprites/pokemon/other/official-artwork/89.png
90,셀러,shellder,1,0.3,4.0,water,,30,65,100,45,25,40,305,190,70,False,False,slow,"shell-armor, skill-link, overcoat",https://raw.githubusercontent.com/PokeAPI/sprites/master/sprites/pokemon/other/official-artwork/90.png
91,파르셀,cloyster,1,1.5,132.5,water,ice,50,95,180,85,45,70,525,60,70,False,False,slow,"shell-armor, skill-link, overcoat",https://raw.githubusercontent.com/PokeAPI/sprites/master/sprites/pokemon/other/official-artwork/91.png
92,고오스,gastly,1,1.3,0.1,ghost,poison,30,35,30,100,35,80,310,190,70,False,False,medium-slow,levitate,https://raw.githubusercontent.com/PokeAPI/sprites/master/sprites/pokemon/other/official-artwork/92.png
93,고우스트,haunter,1,1.6,0.1,ghost,poison,45,50,45,115,55,95,405,90,70,False,False,medium-slow,levitate,https://raw.githubusercontent.com/PokeAPI/sprites/master/sprites/pokemon/other/official-artwork/93.png
94,팬텀,gengar,1,1.5,40.5,ghost,poison,60,65,60,130,75,110,500,45,70,False,False,medium-slow,cursed-body,https://raw.githubusercontent.com/PokeAPI/sprites/master/sprites/pokemon/other/official-artwork/94.png
95,롱스톤,onix,1,8.8,210.0,rock,ground,35,45,160,30,45,70,385,45,70,False,False,medium,"rock-head, sturdy, weak-armor",https://raw.githubusercontent.com/PokeAPI/sprites/master/sprites/pokemon/other/official-artwork/95.png
96,슬리프,drowzee,1,1.0,32.4,psychic,,60,48,45,43,90,42,328,190,70,False,False,medium,"insomnia, forewarn, inner-focus",https://raw.githubusercontent.com/PokeAPI/sprites/master/sprites/pokemon/other/official-artwork/96.png
97,슬리퍼,hypno,1,1.6,75.6,psychic,,85,73,70,73,115,67,483,75,70,False,False,medium,"insomnia, forewarn, inner-focus",https://raw.githubusercontent.com/PokeAPI/sprites/master/sprites/pokemon/other/official-artwork/97.png
98,크랩,krabby,1,0.4,6.5,water,,30,105,90,25,25,50,325,225,70,False,False,medium,"hyper-cutter, shell-armor, sheer-force",https://raw.githubusercontent.com/PokeAPI/sprites/master/sprites/pokemon/other/official-artwork/98.png
99,킹크랩,kingler,1,1.3,60.0,water,,55,130,115,50,50,75,475,60,70,False,False,medium,"hyper-cutter, shell-armor, sheer-force",https://raw.githubusercontent.com/PokeAPI/sprites/master/sprites/pokemon/other/official-artwork/99.png
100,찌리리공,voltorb,1,0.5,10.4,electric,,40,30,50,55,55,100,330,190,70,False,False,medium,"soundproof, static, aftermath",https://raw.githubusercontent.com/PokeAPI/sprites/master/sprites/pokemon/other/official-artwork/100.png
101,붐볼,electrode,1,1.2,66.6,electric,,60,50,70,80,80,150,490,60,70,False,False,medium,"soundproof, static, aftermath",https://raw.githubusercontent.com/PokeAPI/sprites/master/sprites/pokemon/other/official-artwork/101.png
102,아라리,exeggcute,1,0.4,2.5,grass,psychic,60,40,80,60,45,40,325,90,70,False,False,slow,"chlorophyll, harvest",https://raw.githubusercontent.com/PokeAPI/sprites/master/sprites/pokemon/other/official-artwork/102.png
103,나시,exeggutor,1,2.0,120.0,grass,psychic,95,95,85,125,75,55,530,45,70,False,False,slow,"chlorophyll, harvest",https://raw.githubusercontent.com/PokeAPI/sprites/master/sprites/pokemon/other/official-artwork/103.png
104,탕구리,cubone,1,0.4,6.5,ground,,50,50,95,40,50,35,320,190,70,False,False,medium,"rock-head, lightning-rod, battle-armor",https://raw.githubusercontent.com/PokeAPI/sprites/master/sprites/pokemon/other/official-artwork/104.png
105,텅구리,marowak,1,1.0,45.0,ground,,60,80,110,50,80,45,425,75,70,False,False,medium,"rock-head, lightning-rod, battle-armor",https://raw.githubusercontent.com/PokeAPI/sprites/master/sprites/pokemon/other/official-artwork/105.png
106,시라소몬,hitmonlee,1,1.5,49.8,fighting,,50,120,53,35,110,87,455,45,70,False,False,medium,"limber, reckless, unburden",https://raw.githubusercontent.com/PokeAPI/sprites/master/sprites/pokemon/other/official-artwork/106.png
107,홍수몬,hitmonchan,1,1.4,50.2,fighting,,50,105,79,35,110,76,455,45,70,False,False,medium,"keen-eye, iron-fist, inner-focus",https://raw.githubusercontent.com/PokeAPI/sprites/master/sprites/pokemon/other/official-artwork/107.png
108,내루미,lickitung,1,1.2,65.5,normal,,90,55,75,60,75,30,385,45,70,False,False,medium,"own-tempo, oblivious, cloud-nine",https://raw.githubusercontent.com/PokeAPI/sprites/master/sprites/pokemon/other/official-artwork/108.png
109,또가스,koffing,1,0.6,1.0,poison,,40,65,95,60,45,35,340,190,70,False,False,medium,"levitate, neutralizing-gas, stench",https://raw.githubusercontent.com/PokeAPI/sprites/master/sprites/pokemon/other/official-artwork/109.png
110,또도가스,weezing,1,1.2,9.5,poison,,65,90,120,85,70,60,490,60,70,False,False,medium,"levitate, neutralizing-gas, stench",https://raw.githubusercontent.com/PokeAPI/sprites/master/sprites/pokemon/other/official-artwork/110.png
111,뿔카노,rhyhorn,1,1.0,115.0,ground,rock,80,85,95,30,30,25,345,120,70,False,False,slow,"lightning-rod, rock-head, reckless",https://raw.githubusercontent.com/PokeAPI/sprites/master/sprites/pokemon/other/official-artwork/111.png
112,코뿌리,rhydon,1,1.9,120.0,ground,rock,105,130,120,45,45,40,485,60,70,False,False,slow,"lightning-rod, rock-head, reckless",https://raw.githubusercontent.com/PokeAPI/sprites/master/sprites/pokemon/other/official-artwork/112.png
113,럭키,chansey,1,1.1,34.6,normal,,250,5,5,35,105,50,450,30,140,False,False,fast,"natural-cure, serene-grace, healer",https://raw.githubusercontent.com/PokeAPI/sprites/master/sprites/pokemon/other/official-artwork/113.png
114,덩쿠리,tangela,1,1.0,35.0,grass,,65,55,115,100,40,60,435,45,70,False,False,medium,"chlorophyll, leaf-guard, regenerator",https://raw.githubusercontent.com/PokeAPI/sprites/master/sprites/pokemon/other/official-artwork/114.png
115,캥카,kangaskhan,1,2.2,80.0,normal,,105,95,80,40,80,90,490,45,70,False,False,medium,"early-bird, scrappy, inner-focus",https://raw.githubusercontent.com/PokeAPI/sprites/master/sprites/pokemon/other/official-artwork/115.png
116,쏘드라,horsea,1,0.4,8.0,water,,30,40,70,70,25,60,295,225,70,False,False,medium,"swift-swim, sniper, damp",https://raw.githubusercontent.com/PokeAPI/sprites/master/sprites/pokemon/other/official-artwork/116.png
117,시드라,seadra,1,1.2,25.0,water,,55,65,95,95,45,85,440,75,70,False,False,medium,"poison-point, sniper, damp",https://raw.githubusercontent.com/PokeAPI/sprites/master/sprites/pokemon/other/official-artwork/117.png
118,콘치,goldeen,1,0.6,15.0,water,,45,67,60,35,50,63,320,225,70,False,False,medium,"swift-swim, water-veil, lightning-rod",https://raw.githubusercontent.com/PokeAPI/sprites/master/sprites/pokemon/other/official-artwork/118.png
119,왕콘치,seaking,1,1.3,39.0,water,,80,92,65,65,80,68,450,60,70,False,False,medium,"swift-swim, water-veil, lightning-rod",https://raw.githubusercontent.com/PokeAPI/sprites/master/sprites/pokemon/other/official-artwork/119.png
120,별가사리,staryu,1,0.8,34.5,water,,30,45,55,70,55,85,340,225,70,False,False,slow,"illuminate, natural-cure, analytic",https://raw.githubusercontent.com/PokeAPI/sprites/master/sprites/pokemon/other/official-artwork/120.png
121,아쿠스타,starmie,1,1.1,80.0,water,psychic,60,75,85,100,85,115,520,60,70,False,False,slow,"illuminate, natural-cure, analytic",https://raw.githubusercontent.com/PokeAPI/sprites/master/sprites/pokemon/other/official-artwork/121.png
122,마임맨,mr-mime,1,1.3,54.5,psychic,fairy,40,45,65,100,120,90,460,45,70,False,False,medium,"soundproof, filter, technician",https://raw.githubusercontent.com/PokeAPI/sprites/master/sprites/pokemon/other/official-artwork/122.png
123,스라크,scyther,1,1.5,56.0,bug,flying,70,110,80,55,80,105,500,45,70,False,False,medium,"swarm, technician, steadfast",https://raw.githubusercontent.com/PokeAPI/sprites/master/sprites/pokemon/other/official-artwork/123.png
124,루주라,jynx,1,1.4,40.6,ice,psychic,65,50,35,115,95,95,455,45,70,False,False,medium,"oblivious, forewarn, dry-skin",https://raw.githubusercontent.com/PokeAPI/sprites/master/sprites/pokemon/other/official-artwork/124.png
125,에레브,electabuzz,1,1.1,30.0,electric,,65,83,57,95,85,105,490,45,70,False,False,medium,"static, vital-spirit",https://raw.githubusercontent.com/PokeAPI/sprites/master/sprites/pokemon/other/official-artwork/125.png
126,마그마,magmar,1,1.3,44.5,fire,,65,95,57,100,85,93,495,45,70,False,False,medium,"flame-body, vital-spirit",https://raw.githubusercontent.com/PokeAPI/sprites/master/sprites/pokemon/other/official-artwork/126.png
127,쁘사이저,pinsir,1,1.5,55.0,bug,,65,125,100,55,70,85,500,45,70,False,False,slow,"hyper-cutter, mold-breaker, moxie",https://raw.githubusercontent.com/PokeAPI/sprites/master/sprites/pokemon/other/official-artwork/127.png
128,켄타로스,tauros,1,1.4,88.4,normal,,75,100,95,40,70,110,490,45,70,False,False,slow,"intimidate, anger-point, sheer-force",https://raw.githubusercontent.com/PokeAPI/sprites/master/sprites/pokemon/other/official-artwork/128.png
129,잉어킹,magikarp,1,0.9,10.0,water,,20,10,55,15,20,80,200,255,70,False,False,slow,"swift-swim, rattled",https://raw.githubusercontent.com/PokeAPI/sprites/master/sprites/pokemon/other/official-artwork/129.png
130,갸라도스,gyarados,1,6.5,235.0,water,flying,95,125,79,60,100,81,540,45,70,False,False,slow,"intimidate, moxie",https://raw.githubusercontent.com/PokeAPI/sprites/master/sprites/pokemon/other/official-artwork/130.png
131,라프라스,lapras,1,2.5,220.0,water,ice,130,85,80,85,95,60,535,45,70,False,False,slow,"water-absorb, shell-armor, hydration",https://raw.githubusercontent.com/PokeAPI/sprites/master/sprites/pokemon/other/official-artwork/131.png
132,메타몽,ditto,1,0.3,4.0,normal,,48,48,48,48,48,48,288,35,70,False,False,medium,"limber, imposter",https://raw.githubusercontent.com/PokeAPI/sprites/master/sprites/pokemon/other/official-artwork/132.png
133,이브이,eevee,1,0.3,6.5,normal,,55,55,50,45,65,55,325,45,70,False,False,medium,"run-away, adaptability, anticipation",https://raw.githubusercontent.com/PokeAPI/sprites/master/sprites/pokemon/other/official-artwork/133.png
134,샤미드,vaporeon,1,1.0,29.0,water,,130,65,60,110,95,65,525,45,70,False,False,medium,"water-absorb, hydration",https://raw.githubusercontent.com/PokeAPI/sprites/master/sprites/pokemon/other/official-artwork/134.png
135,쥬피썬더,jolteon,1,0.8,24.5,electric,,65,65,60,110,95,130,525,45,70,False,False,medium,"volt-absorb, quick-feet",https://raw.githubusercontent.com/PokeAPI/sprites/master/sprites/pokemon/other/official-artwork/135.png
136,부스터,flareon,1,0.9,25.0,fire,,65,130,60,95,110,65,525,45,70,False,False,medium,"flash-fire, guts",https://raw.githubusercontent.com/PokeAPI/sprites/master/sprites/pokemon/other/official-artwork/136.png
137,폴리곤,porygon,1,0.8,36.5,normal,,65,60,70,85,75,40,395,45,70,False,False,medium,"trace, download, analytic",https://raw.githubusercontent.com/PokeAPI/sprites/master/sprites/pokemon/other/official-artwork/137.png
138,암나이트,omanyte,1,0.4,7.5,rock,water,35,40,100,90,55,35,355,45,70,False,False,medium,"swift-swim, shell-armor, weak-armor",https://raw.githubusercontent.com/PokeAPI/sprites/master/sprites/pokemon/other/official-artwork/138.png
139,암스타,omastar,1,1.0,35.0,rock,water,70,60,125,115,70,55,495,45,70,False,False,medium,"swift-swim, shell-armor, weak-armor",https://raw.githubusercontent.com/PokeAPI/sprites/master/sprites/pokemon/other/official-artwork/139.png
140,투구,kabuto,1,0.5,11.5,rock,water,30,80,90,55,45,55,355,45,70,False,False,medium,"swift-swim, battle-armor, weak-armor",https://raw.githubusercontent.com/PokeAPI/sprites/master/sprites/pokemon/other/official-artwork/140.png
141,투구푸스,kabutops,1,1.3,40.5,rock,water,60,115,105,65,70,80,495,45,70,False,False,medium,"swift-swim, battle-armor, weak-armor",https://raw.githubusercontent.com/PokeAPI/sprites/master/sprites/pokemon/other/official-artwork/141.png
142,프테라,aerodactyl,1,1.8,59.0,rock,flying,80,105,65,60,75,130,515,45,70,False,False,slow,"rock-head, pressure, unnerve",https://raw.githubusercontent.com/PokeAPI/sprites/master/sprites/pokemon/other/official-artwork/142.png
143,잠만보,snorlax,1,2.1,460.0,normal,,160,110,65,65,110,30,540,25,70,False,False,slow,"immunity, thick-fat, gluttony",https://raw.githubusercontent.com/PokeAPI/sprites/master/sprites/pokemon/other/official-artwork/143.png
144,프리져,articuno,1,1.7,55.4,ice,flying,90,85,100,95,125,85,580,3,35,True,False,slow,"pressure, snow-cloak",https://raw.githubusercontent.com/PokeAPI/sprites/master/sprites/pokemon/other/official-artwork/144.png
145,썬더,zapdos,1,1.6,52.6,electric,flying,90,90,85,125,90,100,580,3,35,True,False,slow,"pressure, static",https://raw.githubusercontent.com/PokeAPI/sprites/master/sprites/pokemon/other/official-artwork/145.png
146,파이어,moltres,1,2.0,60.0,fire,flying,90,100,90,125,85,90,580,3,35,True,False,slow,"pressure, flame-body",https://raw.githubusercontent.com/PokeAPI/sprites/master/sprites/pokemon/other/official-artwork/146.png
147,미뇽,dratini,1,1.8,3.3,dragon,,41,64,45,50,50,50,300,45,35,False,False,slow,"shed-skin, marvel-scale",https://raw.githubusercontent.com/PokeAPI/sprites/master/sprites/pokemon/other/official-artwork/147.png
148,신뇽,dragonair,1,4.0,16.5,dragon,,61,84,65,70,70,70,420,45,35,False,False,slow,"shed-skin, marvel-scale",https://raw.githubusercontent.com/PokeAPI/sprites/master/sprites/pokemon/other/official-artwork/148.png
149,망나뇽,dragonite,1,2.2,210.0,dragon,flying,91,134,95,100,100,80,600,45,35,False,False,slow,"inner-focus, multiscale",https://raw.githubusercontent.com/PokeAPI/sprites/master/sprites/pokemon/other/official-artwork/149.png
150,뮤츠,mewtwo,1,2.0,122.0,psychic,,106,110,90,154,90,130,680,3,0,True,False,slow,"pressure, unnerve",https://raw.githubusercontent.com/PokeAPI/sprites/master/sprites/pokemon/other/official-artwork/150.png
151,뮤,mew,1,0.4,4.0,psychic,,100,100,100,100,100,100,600,45,100,False,True,medium-slow,synchronize,https://raw.githubusercontent.com/PokeAPI/sprites/master/sprites/pokemon/other/official-artwork/151.png
